School Name,Sector,Grade Band,Enrollment,ELA % Prof.,Math % Prof.,ELA # Prof.,Math # Prof.,Overall Rating,Overall Score,Achievement Score,Growth Score,Economically Disadvantaged,Students with Disabilitites,Limited English Proficiency,Black,Latino
Saint Thomas Aquinas Academy,Private School,K-8,223,0.611,0.663,58,63,Significantly Exceeds Expectations,94.8,92.6,94.4,0.372,0.009,0.175,0.018,0.417
Nativity Jesuit Academy,Private School,K-8,256,0.544,0.644,81,96,Significantly Exceeds Expectations,93.6,64.6,98.2,0.973,0.086,0.063,0,1
Whittier Elementary,Traditional Public School,K-5,142,0.635,0.587,40,37,Significantly Exceeds Expectations,89,74.9,91.7,0.62,0.141,0.085,0.204,0.31
Yeshiva Elementary School,Private School,K-8,205,0.591,0.538,78,71,Significantly Exceeds Expectations,88.6,69.9,88.8,0.654,0.015,0,0,0
Saint John's Lutheran School,Private School,K-8,319,0.646,0.669,113,117,Significantly Exceeds Expectations,87.4,76.7,88.8,0.652,0.003,0.514,0.041,0.16
Risen Savior Lutheran School,Private School,K-8,351,0.364,0.38,67,70,Significantly Exceeds Expectations,86.9,42.2,100,0.915,0.094,0.068,0.578,0.336
Saint Roman Parish School,Private School,K-8,336,0.47,0.447,103,98,Significantly Exceeds Expectations,86.9,60.1,95.5,0.851,0.039,0.5,0.027,0.679
Mount Lebanon Lutheran School,Private School,K-8,230,0.41,0.393,50,48,Significantly Exceeds Expectations,85.5,52.6,90.6,0.822,0.026,0,0.852,0.009
Saint Gregory the Great Parish School,Private School,K-8,185,0.558,0.337,58,35,Significantly Exceeds Expectations,85.3,64.3,92.5,0.832,0.022,0.178,0.059,0.719
Reagan College Preparatory High,Traditional Public School,9-12,1349,0.679,0.551,678,550,Significantly Exceeds Expectations,84.9,73.6,88.8,0.561,0.116,0.103,0.087,0.491
Saint Augustine Preparatory Academy,Private School,K-12,1844,0.379,0.393,538,559,Significantly Exceeds Expectations,83.2,52.4,90.7,0.859,0.069,0.036,0.05,0.912
New Testament Christian Academy,Private School,K-8,151,0.461,0.337,41,30,Significantly Exceeds Expectations,83.1,61.3,87.9,0.656,0,0,0.947,0
Saint Sebastian School,Private School,K-8,338,0.773,0.594,99,76,Significantly Exceeds Expectations,83.1,77.1,83.1,0.34,0.053,0.003,0.257,0.121
Bruce Guadalupe,Public Charter School,K-8,1410,0.474,0.507,346,370,Significantly Exceeds Expectations,83,54.3,90.7,0.785,0.091,0.218,0.011,0.965
Pilgrim Lutheran School,Private School,K-8,256,0.248,0.23,40,37,Exceeds Expectations,82.6,32.7,97.3,0.922,0.02,0,0.898,0.031
Saint Lucas Lutheran School,Private School,K-8,167,0.68,0.653,51,49,Exceeds Expectations,82.4,75.3,80.3,0.419,0.03,0,0.078,0.222
Saint Charles Borromeo Catholic School,Private School,K-8,191,0.711,0.578,59,48,Exceeds Expectations,82.3,76.2,81.1,0.45,0.031,0.309,0.016,0.424
Prince of Peace,Private School,K-8,341,0.27,0.254,68,64,Exceeds Expectations,82.2,43.4,92.5,0.827,0.032,0.61,0.012,0.982
Milwaukee College Preparatory School -- Lloyd Street,Public Charter School,K-8,477,0.28,0.312,79,88,Exceeds Expectations,82.1,45.9,91.7,0.857,0.14,0,0.931,0.038
Our Lady Queen of Peace,Private School,K-8,218,0.312,0.305,40,39,Exceeds Expectations,81.8,48,95.4,0.945,0.037,0.651,0.032,0.858
Saint Marcus Lutheran School,Private School,K-8,1085,0.336,0.385,180,206,Exceeds Expectations,81.8,43.6,92.5,0.84,0.077,0,0.888,0.04
Institute of Technology and Academics,Private School,K-8,210,0.096,0.087,11,10,Exceeds Expectations,81.6,27.6,95.4,0.995,0.005,0,0.971,0.014
Northwest Lutheran School,Private School,K-8,273,0.39,0.346,62,55,Exceeds Expectations,81.4,39.1,94.4,0.949,0.051,0,0.89,0.015
Hampton Elementary,Traditional Public School,K-5,150,0.218,0.218,17,17,Exceeds Expectations,81.3,25.8,100,0.96,0.207,0.007,0.787,0.087
Saint Agnes School,Private School,K-8,161,0.425,0.438,31,32,Exceeds Expectations,80.3,59.4,84,0.758,0.099,0.019,0.391,0.143
Milwaukee College Preparatory School -- 36th Street Campus,Public Charter School,K-8,478,0.408,0.441,111,120,Exceeds Expectations,80.3,51.9,85,0.776,0.117,0,0.902,0.038
Mother of Good Counsel School,Private School,K-8,182,0.413,0.119,45,13,Exceeds Expectations,80.1,41.3,88.7,0.791,0.005,0,0.742,0.082
Maryland Montessori,Traditional Public School,K-8,515,0.695,0.494,173,123,Exceeds Expectations,79.7,69.4,90.6,0.26,0.14,0.006,0.155,0.099
Saint Rafael the Archangel School,Private School,K-8,281,0.291,0.302,53,55,Exceeds Expectations,79.6,48.7,93.6,0.804,0.021,0.804,0.007,0.979
Divine Savior Holy Angels High School,Private School*,9-12,148,0.405,0.405,49,49,Exceeds Expectations,79.1,80,57.5,0.155,0,0,0.264,0.486
Salam School,Private School,K-12,1074,0.556,0.457,387,318,Exceeds Expectations,79.1,56.2,81.2,0.896,0,0.135,0.117,0
Garden Homes Lutheran School,Private School,K-8,256,0.274,0.158,40,23,Exceeds Expectations,78.6,42.9,76.5,1,0.008,0,0.891,0.035
Golda Meir School,Traditional Public School,K-12,1211,0.603,0.472,616,482,Exceeds Expectations,78.5,62.4,82.2,0.545,0.093,0.016,0.592,0.142
Marquette University High School,Private School*,9-12,122,0.817,0.896,94,103,Exceeds Expectations,78.4,85.2,71.7,0.721,0,0,0.189,0.672
Tamarack Waldorf School,Private School*,K-8,167,0.258,0.093,25,9,Exceeds Expectations,78,48.5,79.2,0.677,0.006,0,0.174,0.281
Mount Olive Christian Day School,Private School,K-8,165,0.439,0.329,36,27,Exceeds Expectations,78,60.6,80.3,0.624,0.012,0,0.576,0.097
Milwaukee College Preparatory School: Lola Rowe North Campus,Public Charter School,K-8,509,0.334,0.397,97,115,Exceeds Expectations,77.9,43.3,86,0.821,0.136,0,0.921,0.024
King's Academy Christian School Inc,Private School*,K-8,142,0.33,0.183,38,21,Exceeds Expectations,77,34.9,87.8,1,0.014,0,0.923,0.021
Saint John Paul II School,Private School,K-8,177,0.222,0.148,18,12,Exceeds Expectations,76.9,36.3,83.1,0.87,0.011,0.418,0.006,0.977
Fernwood Montessori,Traditional Public School,K-8,772,0.692,0.471,297,202,Exceeds Expectations,76.8,64.5,81.2,0.232,0.109,0.003,0.039,0.202
The City School,Private School*,K-8,179,0.065,0.093,7,10,Exceeds Expectations,76.3,18.1,82.2,0.994,0,0,0.821,0.179
Milwaukee College Preparatory School -- 38th Street,Public Charter School,K-8,478,0.3,0.273,78,71,Exceeds Expectations,76.3,36.9,84.1,0.82,0.159,0,0.904,0.052
Notre Dame School of Milwaukee,Private School,K-8,555,0.49,0.574,146,171,Exceeds Expectations,76.2,56,76.5,0.793,0.095,0.492,0.013,0.966
Saint Adalbert School,Private School,K-8,401,0.311,0.333,85,91,Exceeds Expectations,76.2,38.9,86,0.993,0.02,0.756,0,0.995
Milwaukee German Immersion,Traditional Public School,K-5,549,0.679,0.699,133,137,Exceeds Expectations,76.2,70.1,74.6,0.322,0.097,0,0.266,0.089
United Community Center Acosta Middle School,Public Charter School,6-8,180,0.326,0.354,59,64,Exceeds Expectations,76,40.3,86.8,0.839,0.117,0.356,0.011,0.961
Clara Mohammed School,Private School,K-12,64,0.143,0,1,0,Exceeds Expectations,75.4,15.9,85.9,0.609,0,0,0.969,0
Bay View Montessori School,Traditional Public School,K-8,484,0.649,0.437,144,97,Exceeds Expectations,75.3,68.2,71.7,0.38,0.128,0.01,0.062,0.242
Humboldt Park Elementary,Traditional Public School,K-8,589,0.334,0.285,123,105,Exceeds Expectations,75.3,45.8,87.9,0.852,0.178,0.43,0.121,0.26
Highland Community School,Public Charter School,K-8,414,0.632,0.459,132,96,Exceeds Expectations,75,56.7,82.1,0.435,0.21,0.019,0.37,0.123
Saint Margaret Mary School,Private School,K-8,154,0.244,0.089,22,8,Exceeds Expectations,74.8,26,87.9,0.974,0.026,0,0.877,0.026
Catholic East Elementary,Private School,K-8,223,0.429,0.387,51,46,Exceeds Expectations,74.7,63.4,81.2,0.655,0.063,0.009,0.628,0.108
Hope Christian School Fidelis,Private School,K-8,637,0.172,0.239,59,82,Exceeds Expectations,74.2,26.9,82.2,0.928,0.022,0,0.943,0.041
King International,Traditional Public School,9-12,1339,0.306,0.26,295,250,Exceeds Expectations,73.8,47.2,74.6,0.715,0.137,0.081,0.573,0.16
Salem Evangelical Lutheran School,Private School*,K-8,175,0.336,0.221,41,27,Exceeds Expectations,73.5,41.9,78.4,0.749,0.017,0.011,0.726,0.086
ALBA - Academia de Lenguaje y Bellas Artes,Traditional Public School,K-8,620,0.298,0.215,104,75,Exceeds Expectations,73.4,37.4,74.6,0.889,0.153,0.706,0,0.992
Academy of Accelerated Learning,Traditional Public School,K-5,538,0.467,0.401,99,85,Exceeds Expectations,73.4,55,73.6,0.764,0.201,0.149,0.141,0.331
Saint Vincent Pallotti Catholic School,Private School,K-8,185,0.385,0.179,45,21,Exceeds Expectations,72.9,44,81.2,0.724,0.005,0.016,0.405,0.341
Carmen High School of Science and Technology South Campus,Public Charter School,9-12,399,0.328,0.286,95,83,Exceeds Expectations,72.7,36.3,73.6,0.905,0.09,0.594,0.023,0.96
Siloah Lutheran School,Private School,K-8,93,0.06,0.1,3,5,Exceeds Expectations,72.4,20.5,74.6,0.968,0,0,0.978,0
Woodlands School,Public Charter School,K-8,370,0.534,0.36,101,68,Exceeds Expectations,72.3,58,80.2,0.351,0.054,0,0.341,0.208
Morgandale Elementary,Traditional Public School,K-8,578,0.197,0.181,73,67,Exceeds Expectations,72.1,27.3,87.9,0.882,0.213,0.36,0.142,0.566
Maple Tree Elementary,Traditional Public School,K-5,264,0.125,0.078,8,5,Exceeds Expectations,71.1,16.3,87.9,0.943,0.223,0.008,0.833,0.072
Milwaukee Scholars Charter School,Public Charter School,K-8,769,0.248,0.256,88,91,Exceeds Expectations,71.1,28.6,85.9,0.88,0.135,0.004,0.758,0.059
Destiny High School,Private School,9-12,245,0.006,0.041,1,7,Exceeds Expectations,70.9,8.8,89.8,1,0.016,0.008,0.984,0.012
Craig Montessori School,Traditional Public School,K-8,257,0.181,0.171,19,18,Exceeds Expectations,70.9,19.2,85,0.728,0.125,0,0.833,0.047
Christ St Peter Lutheran School,Private School,K-8,242,0.386,0.268,59,41,Exceeds Expectations,70.7,36.3,83.1,0.777,0.008,0.211,0.079,0.599
Blessed Savior Catholic School,Private School,K-8,274,0.119,0.098,29,24,Exceeds Expectations,70.7,24.4,82.2,0.894,0.011,0,0.953,0.022
Fairview Elementary,Traditional Public School,K-8,628,0.464,0.374,160,129,Exceeds Expectations,70.6,43.8,82.2,0.72,0.271,0.032,0.124,0.463
Wisconsin Lutheran High School,Private School,9-12,923,0.385,0.408,165,175,Exceeds Expectations,70.5,72.6,63.2,0.387,0,0.08,0.278,0.127
Hayes Bilingual School,Traditional Public School,K-8,638,0.157,0.152,62,60,Exceeds Expectations,70.5,22.3,81.2,0.87,0.227,0.74,0.024,0.959
Atonement Lutheran School,Private School,K-8,412,0.307,0.205,63,42,Exceeds Expectations,70.2,28.2,77.4,0.959,0.015,0,0.908,0.029
Trowbridge Street School of Great Lakes Studies,Traditional Public School,K-8,236,0.277,0.307,38,42,Exceeds Expectations,70.2,37.7,77.4,0.856,0.22,0.013,0.25,0.432
Downtown Montessori,Public Charter School,K-8,239,0.75,0.54,75,54,Meets Expectations,69.9,73.7,56.5,0.159,0.079,0,0.054,0.218
Cooper Elementary,Traditional Public School,K-8,459,0.551,0.51,134,124,Meets Expectations,69.8,60.4,72.7,0.686,0.194,0.072,0.174,0.375
Cristo Rey Jesuit Milwaukee High School,Private School,9-12,465,0.248,0.311,86,108,Meets Expectations,69.3,46.6,62.2,1,0.004,0.301,0.026,0.959
HAPA-Hmong American Peace Academy K3-12,Public Charter School,K-12,1894,0.497,0.54,660,716,Meets Expectations,68.9,54.2,67,0.848,0.044,0.191,0.003,0.012
Saint Peter Immanuel Lutheran School,Private School,K-8,184,0.198,0.125,19,12,Meets Expectations,68.8,33.3,81.2,0.924,0.016,0,0.859,0.071
Jackson Elementary,Traditional Public School,K-5,216,0.083,0.028,6,2,Meets Expectations,68.8,9.4,84.1,0.958,0.241,0.009,0.903,0.056
Milwaukee Parkside School,Traditional Public School,K-8,853,0.4,0.31,203,157,Meets Expectations,68.6,39.8,75.5,0.77,0.249,0.142,0.181,0.411
Riverside High,Traditional Public School,9-12,1162,0.109,0.092,95,80,Meets Expectations,68.1,20.8,70.8,0.846,0.211,0.144,0.682,0.183
Rocketship Southside Community Prep,Public Charter School,K-5,398,0.263,0.413,44,69,Meets Expectations,68.1,37.5,76.4,0.817,0.191,0.533,0.093,0.867
Longfellow Elementary,Traditional Public School,K-8,718,0.176,0.095,76,41,Meets Expectations,68,22.2,78.4,0.879,0.287,0.425,0.159,0.769
Vieau Elementary,Traditional Public School,K-8,684,0.154,0.179,69,80,Meets Expectations,67.9,31.8,70.8,0.909,0.221,0.586,0.048,0.92
Pius XI Catholic High School,Private School,9-12,739,0.306,0.269,118,104,Meets Expectations,67.5,58.3,60.3,0.459,0,0.019,0.307,0.317
Bradley Technology High,Traditional Public School,9-12,999,0.076,0.071,50,47,Meets Expectations,67.4,15.4,81.2,0.871,0.183,0.107,0.714,0.16
Burdick Elementary,Traditional Public School,K-8,495,0.443,0.301,147,100,Meets Expectations,67.2,42.6,69.8,0.661,0.216,0.038,0.117,0.396
Milwaukee High School of the Arts,Traditional Public School,9-12,985,0.207,0.11,147,78,Meets Expectations,67,25.1,69.8,0.801,0.19,0.144,0.53,0.212
Victory Elementary,Traditional Public School,K-8,421,0.233,0.176,57,43,Meets Expectations,66.9,29.8,73.6,0.99,0.102,0.473,0.116,0.221
Alliance School of Milwaukee,Traditional Public School,9-12,155,0.117,0.091,9,7,Meets Expectations,66.9,24.3,80.2,0.871,0.374,0.006,0.69,0.123
Doerfler Elementary,Traditional Public School,K-8,550,0.135,0.108,45,36,Meets Expectations,66.7,20.9,79.3,0.931,0.245,0.495,0.091,0.836
IDEAL Individualized Developmental Educational Approaches to Learning,Traditional Public School,K-8,216,0.387,0.328,53,45,Meets Expectations,66.6,41.8,70.8,0.958,0.231,0.194,0.102,0.514
Greenfield Bilingual,Traditional Public School,K-8,555,0.242,0.154,86,55,Meets Expectations,66.6,31.5,75.5,0.941,0.159,0.483,0.068,0.903
Bethune Academy,Traditional Public School,K-8,525,0.181,0.112,66,41,Meets Expectations,66.6,19.1,76.5,0.979,0.183,0.406,0.579,0.032
MacDowell Montessori School K3-12,Traditional Public School,K-12,860,0.331,0.185,161,90,Meets Expectations,66.5,30.6,73.6,0.656,0.188,0.005,0.517,0.109
Veritas High,Public Charter School,9-12,255,0.293,0.282,55,53,Meets Expectations,66.3,35.5,66.9,0.741,0.047,0.373,0,0.933
Saint Catherine School,Private School,K-8,123,0.129,0.086,9,6,Meets Expectations,66.2,18,84.1,0.927,0.024,0,0.976,0.008
Milwaukee French Immersion,Traditional Public School,K-5,431,0.422,0.344,65,53,Meets Expectations,66.2,48.7,65.1,0.657,0.077,0.053,0.606,0.07
Saint Anthony School,Private School,K-12,1509,0.204,0.184,200,180,Meets Expectations,65.9,29.8,66.9,0.999,0.038,0.549,0.015,0.974
Saint Philip's Lutheran School,Private School,K-8,92,0.32,0.36,8,9,Meets Expectations,65.7,44.3,64.1,0.924,0.054,0,0.75,0.141
Lowell International Elementary,Traditional Public School,K-5,206,0.417,0.5,30,36,Meets Expectations,65.5,47.2,66,0.927,0.18,0.204,0.204,0.495
Whitman Elementary,Traditional Public School,K-8,331,0.316,0.34,65,70,Meets Expectations,65.5,38.6,72.7,0.789,0.236,0.073,0.215,0.387
Darrell Lynn Hines Academy,Public Charter School,K-8,172,0.163,0.12,15,11,Meets Expectations,65.5,24.8,77.4,0.855,0.134,0.012,0.86,0.012
Saint Matthias Parish School,Private School,K-8,186,0.36,0.19,36,19,Meets Expectations,65.4,62.2,57.5,0.586,0.005,0.07,0.091,0.452
Honey Creek Elementary,Traditional Public School,K-5,354,0.381,0.41,51,55,Meets Expectations,65.4,47.5,67.9,0.884,0.246,0.031,0.201,0.438
Seeds of Health Elementary Program,Public Charter School,K-8,377,0.303,0.222,67,49,Meets Expectations,65.4,32.9,74.6,0.849,0.202,0.247,0.135,0.836
Northwest Catholic School,Private School,K-8,152,0.108,0.122,8,9,Meets Expectations,65.3,28.3,74.6,0.862,0.026,0,0.77,0.099
Eastbrook Academy,Private School,K-12,416,0.558,0.447,121,97,Meets Expectations,65.2,60.9,59.4,0.493,0,0,0.666,0.058
Cass Street Elementary,Traditional Public School,K-8,281,0.094,0.07,16,12,Meets Expectations,65.2,15.4,81.2,0.911,0.167,0.011,0.854,0.068
Rogers Street Academy,Traditional Public School,K-8,570,0.198,0.184,72,67,Meets Expectations,65.1,24.1,75.5,0.93,0.161,0.46,0.068,0.893
Garland Elementary,Traditional Public School,K-8,536,0.222,0.206,72,67,Meets Expectations,65.1,37.6,65.1,0.873,0.157,0.44,0.11,0.222
Milwaukee Academy of Science,Public Charter School,K-12,1404,0.126,0.137,128,139,Meets Expectations,64.9,21.4,71.7,0.947,0.097,0.001,0.969,0.017
Milwaukee Math and Science Academy,Public Charter School,K-8,244,0.099,0.122,13,16,Meets Expectations,64.9,28.8,73.6,0.873,0.094,0.098,0.939,0.033
Neeskara Elementary,Traditional Public School,K-5,371,0.105,0.072,16,11,Meets Expectations,64.8,18.5,80.3,0.922,0.261,0.003,0.717,0.108
Burbank Elementary,Traditional Public School,K-8,503,0.141,0.088,48,30,Meets Expectations,64.7,22.4,72.7,0.853,0.225,0.193,0.388,0.215
Audubon Technology and Communication High,Traditional Public School,9-12,431,0.227,0.163,75,54,Meets Expectations,64.7,21.7,67,0.852,0.357,0.227,0.165,0.617
Messmer Catholic Schools,Private School,K-12,1217,0.106,0.137,37,48,Meets Expectations,64.6,27.7,73.6,0.782,0.022,0.056,0.892,0.046
Blessed Sacrament Catholic School,Private School*,K-8,165,0.298,0.264,36,32,Meets Expectations,64.4,41.2,67,0.879,0.024,0.388,0.042,0.861
Believers in Christ Christian Academy,Private School*,K-12,161,0.129,0.086,12,8,Meets Expectations,63.9,22.2,67.9,0.975,0,0,0.932,0.025
Milwaukee School of Languages,Traditional Public School,6-12,951,0.331,0.223,265,179,Meets Expectations,63.9,35.3,69.8,0.608,0.161,0.109,0.483,0.227
Wedgewood Park School,Traditional Public School,6-8,552,0.258,0.179,118,82,Meets Expectations,63.7,32.3,70.8,0.77,0.19,0.246,0.23,0.574
Carmen Middle School South,Public Charter School,6-8,206,0.38,0.33,68,59,Meets Expectations,63.6,34.5,73.6,0.99,0.121,0.481,0.15,0.772
Dr Howard Fuller Collegiate Academy,Public Charter School,9-12,312,0.116,0.129,51,57,Meets Expectations,63.5,14.6,61.3,0.827,0.151,0,0.971,0.022
Kagel Elementary,Traditional Public School,K-8,267,0.062,0.083,9,12,Meets Expectations,63.1,17.5,73.6,0.895,0.232,0.633,0.086,0.895
Bruce Elementary,Traditional Public School,K-5,286,0.195,0.184,17,16,Meets Expectations,62.9,18.5,66.9,0.948,0.252,0,0.825,0.038
Kingdom Prep Lutheran High School,Private School,9-12,141,0.068,0.128,9,17,Meets Expectations,62.5,18.2,70.8,0.752,0.007,0,0.83,0.092
Clemens Elementary,Traditional Public School,K-5,309,0.077,0.063,11,9,Meets Expectations,62.3,15.3,76.4,0.981,0.217,0.003,0.877,0.061
Greater Holy Temple Christian Academy,Private School,K-8,428,0.115,0.037,25,8,Meets Expectations,62.2,11.9,56.5,1,0.012,0,0.939,0.04
Alcott Elementary,Traditional Public School,K-8,268,0.297,0.135,46,21,Meets Expectations,62.2,32.3,69.8,0.754,0.235,0.052,0.175,0.381
Pathways High,Public Charter School,9-12,171,0.262,0.226,22,19,Meets Expectations,62.2,33.8,74.6,1,0.181,0.018,0.538,0.064
Barbee Elementary,Traditional Public School,K-5,305,0.236,0.094,25,10,Meets Expectations,61.8,15.9,71.7,0.934,0.174,0.007,0.78,0.043
Victory Christian Academy,Private School,K-12,318,0.193,0.16,52,43,Meets Expectations,60.6,34.5,59.4,0.723,0.025,0.113,0.154,0.692
Grant Elementary,Traditional Public School,K-8,582,0.21,0.173,78,64,Meets Expectations,60.6,24.3,68.9,0.998,0.107,0.479,0.079,0.45
Cross Trainers Academy,Private School,K-12,482,0.167,0.053,47,15,Meets Expectations,60.4,17,69.8,0.996,0.091,0.006,0.963,0.025
Saint Joseph Academy,Private School*,K-8,427,0.279,0.128,74,34,Meets Expectations,60.2,24,60.3,0.883,0.023,0.389,0.04,0.878
Clement Avenue Elementary,Traditional Public School,K-8,259,0.263,0.343,36,47,Meets Expectations,60.2,37.5,66,0.819,0.224,0.015,0.124,0.463
Lincoln Avenue Elementary,Traditional Public School,K-5,416,0.133,0.187,20,28,Meets Expectations,60.2,20.9,71.7,0.928,0.202,0.442,0.13,0.8
Saint Josaphat Parish School,Private School,K-8,207,0.305,0.225,46,34,Meets Expectations,59.9,41.1,61.3,0.918,0.01,0.164,0.014,0.976
Tenor High,Public Charter School,9-12,627,0.226,0.192,98,83,Meets Expectations,59.9,29.9,57.5,0.721,0.144,0.234,0.268,0.638
Harold S Vincent School of Agricultural Science,Traditional Public School,9-12,708,0.088,0.036,29,12,Meets Expectations,59.7,15.4,71.7,0.839,0.172,0.032,0.831,0.061
La Causa Charter School,Public Charter School,K-8,570,0.208,0.13,80,50,Meets Expectations,59.3,18.8,66,0.916,0.128,0.6,0.026,0.968
Curtin Elementary,Traditional Public School,K-8,283,0.235,0.173,42,31,Meets Expectations,59.1,28.5,65.1,0.908,0.159,0.332,0.155,0.512
Ninety-Fifth Street Elementary,Traditional Public School,K-5,424,0.201,0.201,35,35,Meets Expectations,59.1,35.6,59.4,0.795,0.172,0.005,0.608,0.127
Granville Lutheran School,Private School,K-8,223,0.174,0.144,23,19,Meets Expectations,58.9,27.2,62.2,0.892,0.04,0,0.901,0.018
Kilbourn Elementary,Traditional Public School,K-5,258,0.188,0.188,15,15,Meets Expectations,58.8,25.9,63.2,0.953,0.205,0,0.895,0.05
Shining Star Christian Schools Inc,Private School*,K-8,208,0.109,0.049,65,29,Meets Expectations,58.6,15.2,68.9,0.981,0,0,0.875,0.072
Bryant Elementary,Traditional Public School,K-5,197,0.151,0.247,11,18,Meets Few Expectations,57.9,18,66.9,0.98,0.269,0,0.832,0.061
Riley Dual Language Montessori School,Traditional Public School,K-5,265,0.198,0.116,17,10,Meets Few Expectations,57.5,22.7,57.5,0.653,0.147,0.328,0.057,0.826
WHS Information Technology,Traditional Public School,9-12,379,0.036,0.036,7,7,Meets Few Expectations,57.5,9.9,77.4,0.881,0.24,0.053,0.894,0.034
Goodrich Elementary,Traditional Public School,K-5,288,0.188,0.149,19,15,Meets Few Expectations,57.2,22.7,66,0.917,0.26,0.007,0.684,0.052
Hope Christian School Prima,Private School*,K-8,583,0.073,0.121,21,35,Meets Few Expectations,57.1,16.4,66.9,0.919,0.014,0.003,0.961,0.017
Hope Christian School Semper,Private School*,K-8,572,0.105,0.135,28,36,Meets Few Expectations,57.1,18.9,67.9,0.969,0.009,0,0.97,0.019
Carmen High School of Science and Technology Southeast Campus,Public Charter School,9-12,676,0.185,0.176,96,91,Meets Few Expectations,57.1,23.2,52.7,0.981,0.123,0.448,0.041,0.928
Milwaukee Lutheran High School,Private School,9-12,920,0.104,0.104,78,78,Meets Few Expectations,56.5,27.7,49.8,0.821,0,0,0.868,0.048
Saint Martini Lutheran School,Private School,K-8,141,0.181,0.167,13,12,Meets Few Expectations,56.3,31,56.5,1,0.064,0.326,0.142,0.823
Milwaukee Environmental Science Academy,Public Charter School,K-8,295,0.043,0.031,7,5,Meets Few Expectations,56.3,15,67.9,0.966,0.105,0.007,0.919,0.061
Keefe Avenue Elementary,Traditional Public School,K-5,127,0.022,0.022,1,1,Meets Few Expectations,56.2,10,66,0.961,0.181,0,0.921,0.039
Escuela Verde,Public Charter School,9-12,120,0.155,0.093,15,9,Meets Few Expectations,55.9,18.2,53.7,0.817,0.258,0.408,0.058,0.85
Stellar Collegiate Charter School,Public Charter School,K-5,217,0.233,0.389,21,35,Meets Few Expectations,55.9,28.6,62.2,0.982,0.175,0.373,0.138,0.783
Gaenslen Elementary,Traditional Public School,K-8,677,0.052,0.031,20,12,Meets Few Expectations,55.6,7.7,63.2,0.932,0.49,0.004,0.809,0.097
Siefert Elementary,Traditional Public School,K-5,216,0.095,0.063,6,4,Meets Few Expectations,55.5,10.9,65.1,0.977,0.116,0.005,0.898,0.046
James Madison Academic Campus,Traditional Public School,9-12,595,0.062,0.047,16,12,Meets Few Expectations,55.5,10.2,67.9,0.879,0.255,0.017,0.894,0.032
Hope Christian School Caritas,Private School*,K-8,354,0.146,0.152,23,24,Meets Few Expectations,55.4,19.5,64.1,0.927,0.003,0,0.944,0.031
Pulaski High,Traditional Public School,9-12,945,0.044,0.046,26,27,Meets Few Expectations,54.6,12.5,66,0.822,0.232,0.412,0.315,0.513
Carter's Christian Academy Inc,Private School*,K-12,278,0.024,0,4,0,Meets Few Expectations,54.5,4.4,57.5,0.996,0.018,0,1,0
Engleburg Elementary,Traditional Public School,K-5,268,0.146,0.146,14,14,Meets Few Expectations,54.5,28.6,63.2,0.922,0.31,0,0.806,0.037
North Division High,Traditional Public School,9-12,389,0.014,0.01,3,2,Meets Few Expectations,54.5,9.8,73.6,0.907,0.283,0.005,0.915,0.046
Pratt Elementary,Traditional Public School,K-5,309,0.129,0.05,13,5,Meets Few Expectations,54.4,18.1,63.2,0.922,0.181,0,0.906,0.026
LaFollette Elementary,Traditional Public School,K-8,218,0.028,0.009,3,1,Meets Few Expectations,53.8,7.2,70.8,0.94,0.225,0.014,0.899,0.06
Fratney Elementary,Traditional Public School,K-5,474,0.201,0.152,33,25,Meets Few Expectations,53.3,29.2,52.7,0.715,0.114,0.297,0.2,0.662
Milwaukee Seventh Day Adventist School,Private School,K-12,138,0.116,0.078,15,10,Meets Few Expectations,53.2,22.3,51.8,1,0,0.638,0.304,0.514
South Division High,Traditional Public School,9-12,842,0.05,0.055,32,35,Meets Few Expectations,53.2,10.2,58.4,0.894,0.241,0.52,0.266,0.539
Milwaukee Excellence Charter School,Public Charter School,6-12,269,NA,NA,NA,NA,Meets Few Expectations,53.2,15.7,58.4,0.862,0.167,0,0.952,0.026
Parkview Elementary,Traditional Public School,K-5,335,0.223,0.317,31,44,Meets Few Expectations,53.1,24.3,60.3,0.89,0.179,0.275,0.519,0.042
Allen-Field Elementary,Traditional Public School,K-5,474,0.101,0.136,17,23,Meets Few Expectations,53,18,57.5,0.903,0.291,0.466,0.114,0.806
Congress Elementary,Traditional Public School,K-8,699,0.13,0.057,39,17,Meets Few Expectations,52.7,15.1,60.3,0.923,0.209,0,0.923,0.036
Westside Academy,Traditional Public School,K-5,157,0.204,0.13,11,7,Meets Few Expectations,52.5,21,56.5,0.955,0.236,0.006,0.873,0.045
River Trail School of Agricultural Science,Traditional Public School,K-8,403,0.085,0.04,21,10,Meets Few Expectations,52.4,14.9,55.6,0.935,0.233,0.03,0.794,0.062
Story Elementary,Traditional Public School,K-8,385,0.114,0.057,24,12,Meets Few Expectations,52.3,13.4,59.4,0.912,0.112,0.281,0.743,0.052
Central City Cyberschool,Public Charter School,K-12,378,0.161,0.14,31,27,Meets Few Expectations,52.3,17.4,66.9,0.968,0.053,0,0.971,0.021
Grandview High,Traditional Public School,9-12,217,NA,NA,NA,NA,Meets Few Expectations,52.3,14.6,70.8,0.912,0.12,0.295,0.074,0.71
Forest Home Elementary,Traditional Public School,K-5,537,0.152,0.203,30,40,Meets Few Expectations,52.1,24.5,54.6,0.957,0.376,0.438,0.134,0.797
Holmes Elementary,Traditional Public School,K-8,289,0.124,0.124,15,15,Meets Few Expectations,52.1,10.2,65.1,0.969,0.308,0.01,0.917,0.035
Academy of Excellence,Private School*,K-12,2014,0.033,0.028,75,64,Meets Few Expectations,51.6,16.3,62.2,0.456,0.004,0.085,0.064,0.167
Hope Christian School Fortis,Private School*,K-8,360,0.108,0.095,17,15,Meets Few Expectations,51.5,14.9,61.3,0.936,0.017,0,0.958,0.019
Saint Joan Antida High School,Private School*,9-12,206,0.19,0.129,28,19,Meets Few Expectations,51.5,27.7,50.8,0.947,0,0.286,0.34,0.612
Clarke Street Elementary,Traditional Public School,K-8,223,0.047,0.012,4,1,Meets Few Expectations,51.3,9.9,68.9,0.978,0.188,0.004,0.973,0.022
Carmen Middle/High School of Science and Technology Northwest Campus,Public Charter School,6-12,586,0.152,0.119,65,51,Meets Few Expectations,51.2,19.3,51.8,0.974,0.157,0.014,0.874,0.051
Carson Academy,Traditional Public School,K-8,332,0.101,0.063,16,10,Meets Few Expectations,51.1,8.3,68.9,0.901,0.172,0,0.901,0.054
Hamilton High,Traditional Public School,9-12,1485,0.085,0.06,82,58,Meets Few Expectations,50.9,18.8,53.7,0.832,0.199,0.268,0.329,0.424
Auer Avenue Elementary,Traditional Public School,K-5,187,0.077,0.038,4,2,Meets Few Expectations,50.3,5.9,57.5,0.963,0.198,0,0.947,0.011
Manitoba Elementary,Traditional Public School,K-8,445,0.125,0.093,32,24,Meets Few Expectations,50.1,15.3,57.5,0.876,0.276,0.171,0.24,0.434
Kluge Elementary,Traditional Public School,K-5,344,0.143,0.086,15,9,Meets Few Expectations,49.9,15.1,60.3,0.945,0.317,0.023,0.828,0.049
Hopkins Lloyd Community School,Traditional Public School,K-5,128,0.038,0,2,0,Meets Few Expectations,49.8,6.2,58.4,0.953,0.172,0,0.945,0.016
Roosevelt Middle,Traditional Public School,6-8,225,0.159,0.077,35,17,Meets Few Expectations,49.7,9.8,60.3,0.947,0.2,0,0.884,0.044
Bay View High,Traditional Public School,9-12,956,0.072,0.072,47,47,Meets Few Expectations,49.4,17.1,49.9,0.849,0.253,0.121,0.46,0.323
King Jr Elementary,Traditional Public School,K-8,298,0.11,0.024,14,3,Meets Few Expectations,49.4,6.6,60.3,0.923,0.171,0,0.909,0.044
Hawley Environmental School,Traditional Public School,K-5,297,0.13,0.078,15,9,Meets Few Expectations,49.4,22,51.8,0.889,0.256,0.003,0.744,0.094
Carver Academy,Traditional Public School,K-8,297,0.125,0.062,20,10,Meets Few Expectations,49.2,14.1,54.6,0.929,0.199,0,0.929,0.024
Woodlands School - State Street Campus,Public Charter School,K-8,198,0.147,0.103,17,12,Meets Few Expectations,49.2,32.2,68.9,0.177,0.061,0.005,0.697,0.086
Marshall High,Traditional Public School,9-12,692,0.037,0.029,13,10,Meets Few Expectations,49,8,54.6,0.84,0.309,0.009,0.887,0.038
Grantosa Drive Elementary,Traditional Public School,K-8,551,0.139,0.088,38,24,Meets Few Expectations,48.1,11.7,57.5,0.911,0.194,0.015,0.875,0.036
Hartford Avenue Elementary,Traditional Public School,K-8,380,0.082,0.06,11,8,Meets Few Expectations,48,13.1,54.6,0.895,0.168,0,0.829,0.061
Starms Discovery,Traditional Public School,K-8,230,0.064,0.038,10,6,Fails to Meet Expectations,47.7,8.7,61.3,0.965,0.261,0,0.904,0.07
Early View Academy of Excellence,Private School*,K-12,269,0.041,0.047,7,8,Fails to Meet Expectations,47.5,11,64.1,1,0.007,0,0.926,0.045
Milwaukee Spanish Immersion,Traditional Public School,K-5,678,0.266,0.261,53,52,Fails to Meet Expectations,47.4,40.8,39.4,0.748,0.168,0.012,0.24,0.615
Lincoln Middle,Traditional Public School,6-8,308,0.089,0.053,22,13,Fails to Meet Expectations,47.2,12,54.6,0.925,0.224,0.094,0.675,0.234
Stuart Elementary,Traditional Public School,K-5,295,0.252,0.213,32,27,Fails to Meet Expectations,46.9,32.6,48.9,0.915,0.18,0.064,0.583,0.061
Audubon Technology and Communication Middle,Traditional Public School,6-8,368,0.126,0.027,38,8,Fails to Meet Expectations,46.5,13.4,49.9,0.954,0.261,0.285,0.228,0.628
Milwaukee Sign Language Elementary,Traditional Public School,K-8,414,0.085,0.085,18,18,Fails to Meet Expectations,46.5,10.9,52.7,0.923,0.213,0.002,0.838,0.068
Rocketship Transformation Prep,Public Charter School,K-5,231,0.21,0.31,21,31,Fails to Meet Expectations,46.3,20,46.1,0.922,0.139,0.004,0.818,0.104
Townsend Street Elementary,Traditional Public School,K-8,299,0.037,0.007,5,1,Fails to Meet Expectations,46.2,6.3,51.8,0.903,0.174,0,0.893,0.047
Green Tree Preparatory Academy,Traditional Public School,6-12,496,0.045,0.051,15,17,Fails to Meet Expectations,46.1,12.3,59.4,0.948,0.143,0.018,0.881,0.042
Franklin Elementary,Traditional Public School,K-8,344,0.079,0.026,12,4,Fails to Meet Expectations,45.7,9.8,53.7,0.942,0.273,0.003,0.933,0.044
Thoreau Elementary,Traditional Public School,K-8,357,0.131,0.08,23,14,Fails to Meet Expectations,45.3,17.6,54.6,0.986,0.137,0.011,0.871,0.056
Fifty-Third Street Elementary,Traditional Public School,K-8,330,0.076,0.032,14,6,Fails to Meet Expectations,45.2,11.8,53.7,0.927,0.233,0.015,0.827,0.109
Sherman Elementary,Traditional Public School,K-8,242,0.071,0.012,6,1,Fails to Meet Expectations,44.8,9.5,54.6,0.893,0.19,0,0.909,0.041
Barton Elementary,Traditional Public School,K-5,259,0.143,0.105,15,11,Fails to Meet Expectations,44.6,21.9,49.8,0.927,0.309,0,0.876,0.031
Andrew S Douglas Middle,Traditional Public School,6-8,106,0.058,0.012,5,1,Fails to Meet Expectations,44.5,6.1,59.4,0.858,0.255,0.009,0.934,0.028
Browning Elementary,Traditional Public School,K-5,288,0.116,0.045,13,5,Fails to Meet Expectations,44.4,11.1,53.7,0.896,0.295,0.01,0.903,0.049
Milwaukee Academy of Chinese Language,Traditional Public School,K-8,491,0.124,0.103,36,30,Fails to Meet Expectations,44.4,14.6,46.1,0.91,0.163,0.326,0.686,0.045
Elm Creative Arts Elementary,Traditional Public School,K-5,319,0.078,0.062,10,8,Fails to Meet Expectations,44.1,12.3,53.7,0.959,0.125,0,0.881,0.031
Mitchell Elementary,Traditional Public School,K-8,613,0.064,0.078,22,27,Fails to Meet Expectations,44.1,16,44.2,0.917,0.245,0.447,0.157,0.763
Mount Calvary Lutheran School,Private School*,K-8,179,0.178,0.132,23,17,Fails to Meet Expectations,43.7,23.3,38.5,0.994,0.017,0.106,0.927,0.028
Morse Mid,Traditional Public School,6-8,416,0.187,0.089,59,28,Fails to Meet Expectations,42.6,15.9,48.9,0.875,0.18,0.07,0.704,0.063
Riverwest Elementary,Traditional Public School,K-5,275,0.143,0.067,15,7,Fails to Meet Expectations,42.4,11.6,52.7,0.96,0.211,0.007,0.782,0.098
Hi-Mount Elementary,Traditional Public School,K-8,143,0.033,0.022,3,2,Fails to Meet Expectations,42.3,9.9,50.8,0.993,0.161,0,0.895,0.021
Metcalfe Elementary,Traditional Public School,K-8,342,0.037,0.007,5,1,Fails to Meet Expectations,40.2,7.9,44.2,0.927,0.158,0,0.936,0.023
Thurston Woods Elementary,Traditional Public School,K-8,298,0.051,0,6,0,Fails to Meet Expectations,40.1,9.9,47,0.93,0.154,0,0.893,0.054
Wisconsin Conservatory of Lifelong Learning,Traditional Public School,K-12,431,0.013,0.013,2,2,Fails to Meet Expectations,39.6,7.6,59.4,0.923,0.188,0.032,0.884,0.03
Emerson Elementary,Traditional Public School,K-5,202,0.075,0.1,6,8,Fails to Meet Expectations,39.2,15.5,45.1,0.901,0.277,0.005,0.822,0.079
Hawthorne Elementary,Traditional Public School,K-5,285,0.094,0.094,8,8,Fails to Meet Expectations,39,15.1,41.3,0.986,0.2,0,0.835,0.074
Eighty-First Street Elementary,Traditional Public School,K-5,358,0.047,0.055,6,7,Fails to Meet Expectations,38.5,19.7,39.4,0.88,0.277,0.017,0.774,0.053
Obama School of Career and Technical Education,Traditional Public School,K-12,1226,0.02,0.018,17,15,Fails to Meet Expectations,35.1,11.5,52.7,0.893,0.155,0.042,0.778,0.126
Lancaster Elementary,Traditional Public School,K-8,331,0.071,0.049,13,9,Fails to Meet Expectations,35,4.6,43.2,0.9,0.157,0.006,0.855,0.048
Zablocki Elementary,Traditional Public School,K-5,295,0.28,0.215,30,23,Fails to Meet Expectations,31.2,24.6,22.3,0.905,0.281,0.261,0.102,0.556
Brown Street Academy,Traditional Public School,K-5,204,0.053,0.053,5,5,Fails to Meet Expectations,30.8,4.9,35.6,0.98,0.255,0,0.907,0.074
El Puente High School,Private School*,9-12,88,0.081,0.129,5,8,Fails to Meet Expectations,30.4,27.6,NA,0.989,0.023,0.227,0.182,0.773
Atlas Preparatory Academy Inc,Private School*,K-12,421,0.077,0.043,25,14,Fails to Meet Expectations,27,18.3,51.8,0,0.019,0.2,0.375,0.561
King International Baccalaureate Middle,Traditional Public School,6-8,210,0.048,0.016,6,2,Fails to Meet Expectations,18.4,6.4,11.9,0.948,0.21,0.014,0.914,0.029
NOVA-Northwest Opportunities Vocational Academy,Traditional Public School,9-12,117,NA,NA,NA,NA,Fails to Meet Expectations,14,8.7,NA,0.974,0.222,0,0.923,0.043
ASSATA High,Traditional Public School,9-12,116,NA,NA,NA,NA,Fails to Meet Expectations,12.9,7.2,NA,0.871,0.19,0.009,0.897,0.06
Shalom High,Traditional Public School,9-12,110,NA,NA,NA,NA,Fails to Meet Expectations,8.6,2.3,NA,0.873,0.209,0,0.918,0.009
Christian Faith Academy of Higher Learning,Private School*,K-8,25,0.667,0.167,4,1,NR-DATA,NA,NA,NA,0.24,0,0,0.96,0
Divine Destiny School,Private School,K-8,90,0.032,0,1,0,NR-DATA,NA,NA,NA,0.989,0,0,0.967,0.011
Universal Scholars Academy,Private School,K-5,63,0.077,0,2,0,NR-DATA,NA,NA,NA,0.524,0,0,1,0
Up Christian Academy Inc,Private School*,K-5,45,0,0,0,0,NR-DATA,NA,NA,NA,1,0,0,0.911,0
Notre Dame School of Milwaukee,Private School,6-8,101,0.58,0.909,51,80,NR-DATA,NA,NA,NA,0.752,0.109,0.485,0.01,0.99
Torah Academy of Milwaukee,Private School*,9-12,6,0.808,0.462,21,12,NR-DATA,NA,NA,NA,NA,NA,NA,0,0
Project STAY-Supporting Teachers and Youth,Traditional Public School,9-12,78,0,0,0,0,Alternate Rating - Satisfactory Progress,NA,NA,NA,0.885,0.231,0.026,0.769,0.154
CERT School,Private School*,9-12,3,NA,NA,NA,NA,NR-DATA,NA,NA,NA,NA,NA,NA,1,0
First Immanuel Lutheran School,Private School*,K-8,6,NA,NA,NA,NA,NR-DATA,NA,NA,NA,NA,NA,NA,0,0
Jo's Learning Academy,Private School*,K-5,78,NA,NA,NA,NA,NR-DATA,NA,NA,NA,0.179,0.013,0,1,0
Malaika Early Learning Center,Private School,K-5,87,NA,NA,NA,NA,NR-DATA,NA,NA,NA,1,0.034,0,1,0
Banner Preparatory School of Milwaukee,Traditional Public School,9-12,44,NA,NA,NA,NA,Alternate Rating - Needs Improvement,NA,NA,NA,0.977,0.227,0,0.977,0.023
Groppi High,Traditional Public School,9-12,102,NA,NA,NA,NA,Alternate Rating - Satisfactory Progress,NA,NA,NA,0.873,0.245,0.02,0.873,0.078
Lad Lake Synergy School,Traditional Public School,6-12,35,NA,NA,NA,NA,Alternate Rating - Satisfactory Progress,NA,NA,NA,0.8,0.229,0.143,0.543,0.286
Milwaukee County Youth Education Center,Traditional Public School,6-12,22,NA,NA,NA,NA,Alternate Rating - Satisfactory Progress,NA,NA,NA,0.409,0.273,0,0.909,0.045
South Accelerated Academy,Traditional Public School,9-12,48,NA,NA,NA,NA,Alternate Rating - Satisfactory Progress,NA,NA,NA,0.875,0.229,0.146,0.417,0.479
Southeastern,Traditional Public School,6-8,16,NA,NA,NA,NA,Alternate Rating - Needs Improvement,NA,NA,NA,NA,NA,NA,0.813,0.063
Transition High,Traditional Public School,9-12,88,NA,NA,NA,NA,Alternate Rating - Satisfactory Progress,NA,NA,NA,0.841,0.25,0.023,0.886,0.08
Vincent Accelerated Academy,Traditional Public School,9-12,49,NA,NA,NA,NA,Alternate Rating - Needs Improvement,NA,NA,NA,0.857,0.265,0,0.816,0.041
Right Step Inc,Private School,6-12,NA,NA,NA,NA,NA,NR-DATA,NA,NA,NA,NA,NA,NA,NA,NA
UpGrade Media Arts Schools,Public Charter School,6-12,10,NA,NA,NA,NA,Alternate Rating - Satisfactory Progress,NA,NA,NA,NA,NA,NA,0.9,0.1
